<?xml version='1.0' encoding='UTF-8'?>
<?artifactRepository version='1.1.0'?>
<repository name='Bundle pool' type='org.eclipse.equinox.p2.artifact.repository.simpleRepository' version='1'>
  <properties size='2'>
    <property name='p2.system' value='true'/>
    <property name='p2.timestamp' value='1517306109093'/>
  </properties>
  <mappings size='3'>
    <rule filter='(&amp; (classifier=osgi.bundle))' output='${repoUrl}/plugins/${id}_${version}.jar'/>
    <rule filter='(&amp; (classifier=binary))' output='${repoUrl}/binary/${id}_${version}'/>
    <rule filter='(&amp; (classifier=org.eclipse.update.feature))' output='${repoUrl}/features/${id}_${version}.jar'/>
  </mappings>
  <artifacts size='180'>
    <artifact classifier='osgi.bundle' id='javax.annotation' version='1.2.0.v201602091430'>
      <properties size='1'>
        <property name='download.size' value='29148'/>
      </properties>
    </artifact>
    <artifact classifier='osgi.bundle' id='org.eclipse.e4.ui.dialogs' version='1.1.100.v20170104-1425'>
      <properties size='1'>
        <property name='download.size' value='46176'/>
      </properties>
    </artifact>
    <artifact classifier='osgi.bundle' id='org.eclipse.osgi.compatibility.state' version='1.1.0.v20170516-1513'>
      <properties size='1'>
        <property name='download.size' value='244476'/>
      </properties>
    </artifact>
    <artifact classifier='osgi.bundle' id='org.eclipse.ecf.ssl' version='1.2.0.v20160817-1024'>
      <properties size='1'>
        <property name='download.size' value='16387'/>
      </properties>
    </artifact>
    <artifact classifier='org.eclipse.update.feature' id='org.eclipse.emf.edit.ui' version='2.13.0.v20170609-0928'>
      <properties size='1'>
        <property name='download.size' value='18128'/>
      </properties>
      <repositoryProperties size='1'>
        <property name='artifact.folder' value='true'/>
      </repositoryProperties>
    </artifact>
    <artifact classifier='osgi.bundle' id='org.eclipse.oomph.jreinfo.ui' version='1.9.0.v20171221-1140'>
      <properties size='1'>
        <property name='download.size' value='52489'/>
      </properties>
    </artifact>
    <artifact classifier='osgi.bundle' id='org.eclipse.e4.ui.services' version='1.3.0.v20170307-2032'>
      <properties size='1'>
        <property name='download.size' value='25795'/>
      </properties>
    </artifact>
    <artifact classifier='osgi.bundle' id='org.eclipse.equinox.p2.metadata.repository' version='1.2.401.v20170906-1259'>
      <properties size='1'>
        <property name='download.size' value='122449'/>
      </properties>
    </artifact>
    <artifact classifier='osgi.bundle' id='org.eclipse.oomph.setup.edit' version='1.9.0.v20171221-1140'>
      <properties size='1'>
        <property name='download.size' value='143960'/>
      </properties>
    </artifact>
    <artifact classifier='osgi.bundle' id='org.eclipse.equinox.simpleconfigurator.manipulator' version='2.0.300.v20170515-0721'>
      <properties size='1'>
        <property name='download.size' value='26560'/>
      </properties>
    </artifact>
    <artifact classifier='osgi.bundle' id='org.eclipse.userstorage.ui' version='1.0.2.v20170526-1605'>
      <properties size='1'>
        <property name='download.size' value='81824'/>
      </properties>
    </artifact>
    <artifact classifier='osgi.bundle' id='org.eclipse.e4.ui.di' version='1.2.100.v20170414-1137'>
      <properties size='1'>
        <property name='download.size' value='17592'/>
      </properties>
    </artifact>
    <artifact classifier='osgi.bundle' id='org.eclipse.oomph.jreinfo.win32.x86_64' version='1.2.0.v20160426-0508'>
      <properties size='1'>
        <property name='download.size' value='24191'/>
      </properties>
    </artifact>
    <artifact classifier='osgi.bundle' id='org.eclipse.e4.ui.css.core' version='0.12.101.v20170712-1547'>
      <properties size='1'>
        <property name='download.size' value='216059'/>
      </properties>
    </artifact>
    <artifact classifier='osgi.bundle' id='org.eclipse.equinox.launcher.win32.win32.x86_64' version='1.1.551.v20171108-1834'>
      <properties size='1'>
        <property name='download.size' value='30235'/>
      </properties>
      <repositoryProperties size='1'>
        <property name='artifact.folder' value='true'/>
      </repositoryProperties>
    </artifact>
    <artifact classifier='org.eclipse.update.feature' id='org.eclipse.e4.rcp' version='1.6.2.v20171129-0543'>
      <properties size='1'>
        <property name='download.size' value='20033'/>
      </properties>
      <repositoryProperties size='1'>
        <property name='artifact.folder' value='true'/>
      </repositoryProperties>
    </artifact>
    <artifact classifier='osgi.bundle' id='org.eclipse.oomph.setup.p2' version='1.9.0.v20171221-1140'>
      <properties size='1'>
        <property name='download.size' value='39439'/>
      </properties>
    </artifact>
    <artifact classifier='osgi.bundle' id='org.eclipse.oomph.extractor.lib' version='1.4.0.v20171221-1140'>
      <properties size='1'>
        <property name='download.size' value='23333'/>
      </properties>
    </artifact>
    <artifact classifier='osgi.bundle' id='org.eclipse.equinox.launcher' version='1.4.0.v20161219-1356'>
      <properties size='1'>
        <property name='download.size' value='54427'/>
      </properties>
    </artifact>
    <artifact classifier='osgi.bundle' id='org.sat4j.core' version='2.3.5.v201308161310'>
      <properties size='1'>
        <property name='download.size' value='363563'/>
      </properties>
    </artifact>
    <artifact classifier='osgi.bundle' id='org.eclipse.core.databinding.property' version='1.6.100.v20170515-1119'>
      <properties size='1'>
        <property name='download.size' value='196563'/>
      </properties>
    </artifact>
    <artifact classifier='osgi.bundle' id='org.eclipse.jface' version='3.13.2.v20171022-1656'>
      <properties size='1'>
        <property name='download.size' value='1097110'/>
      </properties>
    </artifact>
    <artifact classifier='org.eclipse.update.feature' id='org.eclipse.ecf.filetransfer.httpclient4.feature' version='3.13.8.v20170715-2257'>
      <properties size='1'>
        <property name='download.size' value='27439'/>
      </properties>
      <repositoryProperties size='1'>
        <property name='artifact.folder' value='true'/>
      </repositoryProperties>
    </artifact>
    <artifact classifier='osgi.bundle' id='org.eclipse.core.runtime' version='3.13.0.v20170207-1030'>
      <properties size='1'>
        <property name='download.size' value='75827'/>
      </properties>
    </artifact>
    <artifact classifier='osgi.bundle' id='org.eclipse.ecf.identity' version='3.8.0.v20161203-2153'>
      <properties size='1'>
        <property name='download.size' value='65062'/>
      </properties>
    </artifact>
    <artifact classifier='osgi.bundle' id='org.eclipse.e4.ui.workbench.renderers.swt' version='0.14.101.v20170713-1343'>
      <properties size='1'>
        <property name='download.size' value='262160'/>
      </properties>
    </artifact>
    <artifact classifier='osgi.bundle' id='org.eclipse.core.commands' version='3.9.0.v20170530-1048'>
      <properties size='1'>
        <property name='download.size' value='115689'/>
      </properties>
    </artifact>
    <artifact classifier='osgi.bundle' id='org.eclipse.equinox.simpleconfigurator' version='1.2.0.v20170110-1705'>
      <properties size='1'>
        <property name='download.size' value='46449'/>
      </properties>
    </artifact>
    <artifact classifier='osgi.bundle' id='org.w3c.dom.svg' version='1.1.0.v201011041433'>
      <properties size='1'>
        <property name='download.size' value='87897'/>
      </properties>
    </artifact>
    <artifact classifier='osgi.bundle' id='org.apache.httpcomponents.httpcore' version='4.4.6.v20170210-0925'>
      <properties size='1'>
        <property name='download.size' value='354656'/>
      </properties>
    </artifact>
    <artifact classifier='osgi.bundle' id='org.eclipse.equinox.p2.updatesite' version='1.0.601.v20170906-1259'>
      <properties size='1'>
        <property name='download.size' value='96121'/>
      </properties>
    </artifact>
    <artifact classifier='osgi.bundle' id='org.tukaani.xz' version='1.5.0.v20170111-1717'>
      <properties size='1'>
        <property name='download.size' value='118376'/>
      </properties>
    </artifact>
    <artifact classifier='osgi.bundle' id='org.eclipse.e4.ui.workbench.addons.swt' version='1.3.1.v20170319-1442'>
      <properties size='1'>
        <property name='download.size' value='157046'/>
      </properties>
    </artifact>
    <artifact classifier='osgi.bundle' id='org.eclipse.oomph.setup.installer' version='1.9.0.v20171222-0856'>
      <properties size='1'>
        <property name='download.size' value='728594'/>
      </properties>
    </artifact>
    <artifact classifier='org.eclipse.update.feature' id='org.eclipse.ecf.core.feature' version='1.4.0.v20170516-2248'>
      <properties size='1'>
        <property name='download.size' value='19164'/>
      </properties>
      <repositoryProperties size='1'>
        <property name='artifact.folder' value='true'/>
      </repositoryProperties>
    </artifact>
    <artifact classifier='osgi.bundle' id='org.eclipse.emf.ecore.xmi' version='2.13.0.v20170609-0707'>
      <properties size='1'>
        <property name='download.size' value='230576'/>
      </properties>
    </artifact>
    <artifact classifier='osgi.bundle' id='org.eclipse.oomph.util.doc' version='1.9.0.v20171221-1140'>
      <properties size='1'>
        <property name='download.size' value='1080237'/>
      </properties>
    </artifact>
    <artifact classifier='osgi.bundle' id='org.eclipse.emf.common.ui' version='2.12.0.v20170609-0928'>
      <properties size='1'>
        <property name='download.size' value='158964'/>
      </properties>
    </artifact>
    <artifact classifier='org.eclipse.update.feature' id='org.eclipse.oomph.p2' version='1.9.0.v20171221-1140'>
      <properties size='1'>
        <property name='download.size' value='29114'/>
      </properties>
      <repositoryProperties size='1'>
        <property name='artifact.folder' value='true'/>
      </repositoryProperties>
    </artifact>
    <artifact classifier='osgi.bundle' id='org.apache.commons.jxpath' version='1.3.0.v200911051830'>
      <properties size='1'>
        <property name='download.size' value='315491'/>
      </properties>
    </artifact>
    <artifact classifier='osgi.bundle' id='org.eclipse.equinox.app' version='1.3.400.v20150715-1528'>
      <properties size='1'>
        <property name='download.size' value='87766'/>
      </properties>
    </artifact>
    <artifact classifier='osgi.bundle' id='com.jcraft.jsch' version='0.1.54.v20170116-1932'>
      <properties size='1'>
        <property name='download.size' value='302631'/>
      </properties>
    </artifact>
    <artifact classifier='osgi.bundle' id='org.eclipse.equinox.event' version='1.4.0.v20170105-1446'>
      <properties size='1'>
        <property name='download.size' value='34721'/>
      </properties>
    </artifact>
    <artifact classifier='osgi.bundle' id='org.eclipse.e4.ui.widgets' version='1.2.0.v20160630-0736'>
      <properties size='1'>
        <property name='download.size' value='15385'/>
      </properties>
    </artifact>
    <artifact classifier='osgi.bundle' id='org.eclipse.e4.ui.css.swt' version='0.13.1.v20170808-1940'>
      <properties size='1'>
        <property name='download.size' value='262291'/>
      </properties>
    </artifact>
    <artifact classifier='osgi.bundle' id='org.eclipse.equinox.concurrent' version='1.1.0.v20130327-1442'>
      <properties size='1'>
        <property name='download.size' value='25493'/>
      </properties>
    </artifact>
    <artifact classifier='osgi.bundle' id='org.eclipse.osgi' version='3.12.50.v20170928-1321'>
      <properties size='1'>
        <property name='download.size' value='1387612'/>
      </properties>
    </artifact>
    <artifact classifier='org.eclipse.update.feature' id='org.eclipse.rcp' version='4.7.2.v20171130-0510'>
      <properties size='1'>
        <property name='download.size' value='18262'/>
      </properties>
      <repositoryProperties size='1'>
        <property name='artifact.folder' value='true'/>
      </repositoryProperties>
    </artifact>
    <artifact classifier='osgi.bundle' id='org.eclipse.oomph.setup.p2.edit' version='1.9.0.v20171221-1140'>
      <properties size='1'>
        <property name='download.size' value='24938'/>
      </properties>
    </artifact>
    <artifact classifier='osgi.bundle' id='org.apache.batik.util.gui' version='1.8.0.v20170214-1941'>
      <properties size='1'>
        <property name='download.size' value='186544'/>
      </properties>
    </artifact>
    <artifact classifier='osgi.bundle' id='org.apache.felix.gogo.runtime' version='0.10.0.v201209301036'>
      <properties size='1'>
        <property name='download.size' value='80249'/>
      </properties>
    </artifact>
    <artifact classifier='osgi.bundle' id='org.eclipse.equinox.p2.ui' version='2.5.2.v20171013-1525'>
      <properties size='1'>
        <property name='download.size' value='698876'/>
      </properties>
    </artifact>
    <artifact classifier='osgi.bundle' id='org.eclipse.equinox.ds' version='1.5.0.v20170307-1429'>
      <properties size='1'>
        <property name='download.size' value='28783'/>
      </properties>
    </artifact>
    <artifact classifier='osgi.bundle' id='org.apache.batik.util' version='1.8.0.v20170214-1941'>
      <properties size='1'>
        <property name='download.size' value='130514'/>
      </properties>
    </artifact>
    <artifact classifier='osgi.bundle' id='org.eclipse.emf.edit.ui' version='2.13.0.v20170609-0928'>
      <properties size='1'>
        <property name='download.size' value='239765'/>
      </properties>
    </artifact>
    <artifact classifier='osgi.bundle' id='org.eclipse.userstorage' version='1.1.0.v20170328-0205'>
      <properties size='1'>
        <property name='download.size' value='118739'/>
      </properties>
    </artifact>
    <artifact classifier='osgi.bundle' id='org.eclipse.equinox.p2.director.app' version='1.0.500.v20160419-0834'>
      <properties size='1'>
        <property name='download.size' value='54805'/>
      </properties>
    </artifact>
    <artifact classifier='osgi.bundle' id='org.eclipse.ecf' version='3.8.0.v20170104-0657'>
      <properties size='1'>
        <property name='download.size' value='110827'/>
      </properties>
    </artifact>
    <artifact classifier='osgi.bundle' id='org.eclipse.ui.net' version='1.3.100.v20170516-0820'>
      <properties size='1'>
        <property name='download.size' value='51128'/>
      </properties>
    </artifact>
    <artifact classifier='osgi.bundle' id='org.apache.felix.scr' version='2.0.10.v20170501-2007'>
      <properties size='1'>
        <property name='download.size' value='372298'/>
      </properties>
    </artifact>
    <artifact classifier='osgi.bundle' id='org.eclipse.core.databinding.beans' version='1.4.0.v20170210-0856'>
      <properties size='1'>
        <property name='download.size' value='80164'/>
      </properties>
    </artifact>
    <artifact classifier='osgi.bundle' id='org.eclipse.oomph.base.edit' version='1.9.0.v20171221-1140'>
      <properties size='1'>
        <property name='download.size' value='61217'/>
      </properties>
    </artifact>
    <artifact classifier='osgi.bundle' id='org.eclipse.equinox.common' version='3.9.0.v20170207-1454'>
      <properties size='1'>
        <property name='download.size' value='121509'/>
      </properties>
    </artifact>
    <artifact classifier='osgi.bundle' id='org.eclipse.core.databinding.observable' version='1.6.100.v20170515-1119'>
      <properties size='1'>
        <property name='download.size' value='354601'/>
      </properties>
    </artifact>
    <artifact classifier='osgi.bundle' id='org.eclipse.ui.workbench' version='3.110.1.v20170704-1208'>
      <properties size='1'>
        <property name='download.size' value='3734383'/>
      </properties>
    </artifact>
    <artifact classifier='osgi.bundle' id='org.eclipse.e4.ui.workbench3' version='0.14.0.v20160630-0740'>
      <properties size='1'>
        <property name='download.size' value='10947'/>
      </properties>
    </artifact>
    <artifact classifier='osgi.bundle' id='org.eclipse.jsch.core' version='1.3.0.v20160422-1917'>
      <properties size='1'>
        <property name='download.size' value='42230'/>
      </properties>
    </artifact>
    <artifact classifier='osgi.bundle' id='org.eclipse.oomph.p2.core' version='1.9.0.v20171221-1140'>
      <properties size='1'>
        <property name='download.size' value='207800'/>
      </properties>
    </artifact>
    <artifact classifier='osgi.bundle' id='org.apache.felix.gogo.shell' version='0.10.0.v201212101605'>
      <properties size='1'>
        <property name='download.size' value='60827'/>
      </properties>
    </artifact>
    <artifact classifier='osgi.bundle' id='org.eclipse.equinox.frameworkadmin.equinox' version='1.0.800.v20170524-1345'>
      <properties size='1'>
        <property name='download.size' value='64644'/>
      </properties>
    </artifact>
    <artifact classifier='org.eclipse.update.feature' id='org.eclipse.emf.common' version='2.13.0.v20170609-0707'>
      <properties size='1'>
        <property name='download.size' value='18120'/>
      </properties>
      <repositoryProperties size='1'>
        <property name='artifact.folder' value='true'/>
      </repositoryProperties>
    </artifact>
    <artifact classifier='org.eclipse.update.feature' id='org.eclipse.equinox.p2.core.feature' version='1.4.1.v20170928-1405'>
      <properties size='1'>
        <property name='download.size' value='18786'/>
      </properties>
      <repositoryProperties size='1'>
        <property name='artifact.folder' value='true'/>
      </repositoryProperties>
    </artifact>
    <artifact classifier='osgi.bundle' id='org.eclipse.ui.ide' version='3.13.1.v20170822-1526'>
      <properties size='1'>
        <property name='download.size' value='2565620'/>
      </properties>
    </artifact>
    <artifact classifier='osgi.bundle' id='org.eclipse.e4.ui.model.workbench' version='2.0.1.v20170713-1800'>
      <properties size='1'>
        <property name='download.size' value='389740'/>
      </properties>
    </artifact>
    <artifact classifier='osgi.bundle' id='org.eclipse.equinox.preferences' version='3.7.0.v20170126-2132'>
      <properties size='1'>
        <property name='download.size' value='133219'/>
      </properties>
    </artifact>
    <artifact classifier='osgi.bundle' id='org.eclipse.ecf.provider.filetransfer' version='3.2.300.v20161203-1840'>
      <properties size='1'>
        <property name='download.size' value='131092'/>
      </properties>
    </artifact>
    <artifact classifier='osgi.bundle' id='org.eclipse.emf.common' version='2.13.0.v20170609-0707'>
      <properties size='1'>
        <property name='download.size' value='358560'/>
      </properties>
    </artifact>
    <artifact classifier='osgi.bundle' id='org.apache.commons.codec' version='1.9.0.v20170208-1614'>
      <properties size='1'>
        <property name='download.size' value='291075'/>
      </properties>
    </artifact>
    <artifact classifier='osgi.bundle' id='org.eclipse.emf.ecore.change' version='2.11.0.v20170609-0707'>
      <properties size='1'>
        <property name='download.size' value='86988'/>
      </properties>
    </artifact>
    <artifact classifier='osgi.bundle' id='org.eclipse.equinox.util' version='1.0.500.v20130404-1337'>
      <properties size='1'>
        <property name='download.size' value='77932'/>
      </properties>
    </artifact>
    <artifact classifier='osgi.bundle' id='org.eclipse.equinox.p2.publisher' version='1.4.200.v20170511-1216'>
      <properties size='1'>
        <property name='download.size' value='96448'/>
      </properties>
    </artifact>
    <artifact classifier='osgi.bundle' id='org.eclipse.equinox.security.win32.x86_64' version='1.0.100.v20130327-1442'>
      <properties size='1'>
        <property name='download.size' value='35334'/>
      </properties>
    </artifact>
    <artifact classifier='osgi.bundle' id='com.ibm.icu' version='58.2.0.v20170418-1837'>
      <properties size='1'>
        <property name='download.size' value='12058280'/>
      </properties>
    </artifact>
    <artifact classifier='osgi.bundle' id='org.eclipse.equinox.p2.director' version='2.3.300.v20160504-1450'>
      <properties size='1'>
        <property name='download.size' value='104577'/>
      </properties>
    </artifact>
    <artifact classifier='osgi.bundle' id='org.eclipse.oomph.p2.edit' version='1.9.0.v20171221-1140'>
      <properties size='1'>
        <property name='download.size' value='45520'/>
      </properties>
    </artifact>
    <artifact classifier='osgi.bundle' id='org.sat4j.pb' version='2.3.5.v201404071733'>
      <properties size='1'>
        <property name='download.size' value='242559'/>
      </properties>
    </artifact>
    <artifact classifier='osgi.bundle' id='org.eclipse.oomph.ui' version='1.9.0.v20171221-1140'>
      <properties size='1'>
        <property name='download.size' value='355208'/>
      </properties>
    </artifact>
    <artifact classifier='osgi.bundle' id='org.eclipse.equinox.p2.repository' version='2.3.301.v20170906-1259'>
      <properties size='1'>
        <property name='download.size' value='134332'/>
      </properties>
    </artifact>
    <artifact classifier='osgi.bundle' id='org.eclipse.ui.forms' version='3.7.101.v20170815-1446'>
      <properties size='1'>
        <property name='download.size' value='326608'/>
      </properties>
    </artifact>
    <artifact classifier='osgi.bundle' id='org.eclipse.core.contenttype' version='3.6.0.v20170207-1037'>
      <properties size='1'>
        <property name='download.size' value='104299'/>
      </properties>
    </artifact>
    <artifact classifier='osgi.bundle' id='org.eclipse.core.filesystem' version='1.7.0.v20170406-1337'>
      <properties size='1'>
        <property name='download.size' value='66690'/>
      </properties>
    </artifact>
    <artifact classifier='osgi.bundle' id='org.eclipse.e4.core.di.extensions.supplier' version='0.15.0.v20170407-0928'>
      <properties size='1'>
        <property name='download.size' value='35137'/>
      </properties>
    </artifact>
    <artifact classifier='osgi.bundle' id='org.eclipse.platform' version='4.7.2.v20171130-0510'>
      <properties size='1'>
        <property name='download.size' value='304730'/>
      </properties>
      <repositoryProperties size='1'>
        <property name='artifact.folder' value='true'/>
      </repositoryProperties>
    </artifact>
    <artifact classifier='osgi.bundle' id='org.eclipse.core.expressions' version='3.6.0.v20170207-1037'>
      <properties size='1'>
        <property name='download.size' value='91726'/>
      </properties>
    </artifact>
    <artifact classifier='org.eclipse.update.feature' id='org.eclipse.emf.ecore' version='2.13.0.v20170609-0707'>
      <properties size='1'>
        <property name='download.size' value='18155'/>
      </properties>
      <repositoryProperties size='1'>
        <property name='artifact.folder' value='true'/>
      </repositoryProperties>
    </artifact>
    <artifact classifier='org.eclipse.update.feature' id='org.eclipse.ecf.filetransfer.httpclient4.ssl.feature' version='1.1.0.v20170110-1317'>
      <properties size='1'>
        <property name='download.size' value='29209'/>
      </properties>
      <repositoryProperties size='1'>
        <property name='artifact.folder' value='true'/>
      </repositoryProperties>
    </artifact>
    <artifact classifier='org.eclipse.update.feature' id='org.eclipse.emf.common.ui' version='2.12.0.v20170609-0928'>
      <properties size='1'>
        <property name='download.size' value='18088'/>
      </properties>
      <repositoryProperties size='1'>
        <property name='artifact.folder' value='true'/>
      </repositoryProperties>
    </artifact>
    <artifact classifier='org.eclipse.update.feature' id='org.eclipse.emf.edit' version='2.12.0.v20170609-0928'>
      <properties size='1'>
        <property name='download.size' value='18107'/>
      </properties>
      <repositoryProperties size='1'>
        <property name='artifact.folder' value='true'/>
      </repositoryProperties>
    </artifact>
    <artifact classifier='osgi.bundle' id='org.eclipse.e4.core.di.extensions' version='0.15.0.v20170228-1728'>
      <properties size='1'>
        <property name='download.size' value='11425'/>
      </properties>
    </artifact>
    <artifact classifier='osgi.bundle' id='org.eclipse.swt.win32.win32.x86_64' version='3.106.2.v20171129-0543'>
      <properties size='1'>
        <property name='download.size' value='2784241'/>
      </properties>
    </artifact>
    <artifact classifier='osgi.bundle' id='org.eclipse.update.configurator' version='3.3.400.v20160506-0750'>
      <properties size='1'>
        <property name='download.size' value='102634'/>
      </properties>
    </artifact>
    <artifact classifier='osgi.bundle' id='org.eclipse.oomph.p2.doc' version='1.9.0.v20171221-1140'>
      <properties size='1'>
        <property name='download.size' value='320569'/>
      </properties>
    </artifact>
    <artifact classifier='osgi.bundle' id='org.apache.commons.logging' version='1.1.1.v201101211721'>
      <properties size='1'>
        <property name='download.size' value='68107'/>
      </properties>
    </artifact>
    <artifact classifier='osgi.bundle' id='org.w3c.dom.events' version='3.0.0.draft20060413_v201105210656'>
      <properties size='1'>
        <property name='download.size' value='13309'/>
      </properties>
    </artifact>
    <artifact classifier='osgi.bundle' id='org.eclipse.ui.intro' version='3.5.100.v20170418-0710'>
      <properties size='1'>
        <property name='download.size' value='347104'/>
      </properties>
    </artifact>
    <artifact classifier='osgi.bundle' id='org.eclipse.oomph.util' version='1.9.0.v20171221-1140'>
      <properties size='1'>
        <property name='download.size' value='203881'/>
      </properties>
    </artifact>
    <artifact classifier='osgi.bundle' id='org.eclipse.e4.core.contexts' version='1.6.0.v20170322-1144'>
      <properties size='1'>
        <property name='download.size' value='48410'/>
      </properties>
    </artifact>
    <artifact classifier='osgi.bundle' id='org.eclipse.oomph.p2' version='1.9.0.v20171221-1140'>
      <properties size='1'>
        <property name='download.size' value='64889'/>
      </properties>
    </artifact>
    <artifact classifier='org.eclipse.update.feature' id='org.eclipse.oomph.setup.installer' version='1.9.0.v20171222-1315'>
      <properties size='1'>
        <property name='download.size' value='145554'/>
      </properties>
      <repositoryProperties size='1'>
        <property name='artifact.folder' value='true'/>
      </repositoryProperties>
    </artifact>
    <artifact classifier='osgi.bundle' id='org.apache.felix.gogo.command' version='0.10.0.v201209301215'>
      <properties size='1'>
        <property name='download.size' value='57646'/>
      </properties>
    </artifact>
    <artifact classifier='osgi.bundle' id='org.eclipse.oomph.p2.ui' version='1.9.0.v20171221-1140'>
      <properties size='1'>
        <property name='download.size' value='297449'/>
      </properties>
    </artifact>
    <artifact classifier='osgi.bundle' id='org.eclipse.equinox.frameworkadmin' version='2.0.300.v20160504-1450'>
      <properties size='1'>
        <property name='download.size' value='37428'/>
      </properties>
    </artifact>
    <artifact classifier='osgi.bundle' id='org.eclipse.text' version='3.6.100.v20170203-0814'>
      <properties size='1'>
        <property name='download.size' value='269466'/>
      </properties>
    </artifact>
    <artifact classifier='osgi.bundle' id='org.eclipse.core.filebuffers' version='3.6.100.v20170203-1130'>
      <properties size='1'>
        <property name='download.size' value='120247'/>
      </properties>
    </artifact>
    <artifact classifier='osgi.bundle' id='org.eclipse.e4.core.commands' version='0.12.100.v20170513-0428'>
      <properties size='1'>
        <property name='download.size' value='25607'/>
      </properties>
    </artifact>
    <artifact classifier='osgi.bundle' id='org.eclipse.equinox.p2.artifact.repository' version='1.1.650.v20170928-1405'>
      <properties size='1'>
        <property name='download.size' value='141283'/>
      </properties>
    </artifact>
    <artifact classifier='osgi.bundle' id='org.eclipse.ecf.provider.filetransfer.ssl' version='1.0.0.v20160817-1024'>
      <properties size='1'>
        <property name='download.size' value='11655'/>
      </properties>
    </artifact>
    <artifact classifier='osgi.bundle' id='org.eclipse.oomph.base' version='1.9.0.v20171221-1140'>
      <properties size='1'>
        <property name='download.size' value='75608'/>
      </properties>
    </artifact>
    <artifact classifier='osgi.bundle' id='org.eclipse.ecf.provider.filetransfer.httpclient4.ssl' version='1.1.0.v20160817-1024'>
      <properties size='1'>
        <property name='download.size' value='16031'/>
      </properties>
    </artifact>
    <artifact classifier='osgi.bundle' id='org.eclipse.oomph.preferences' version='1.9.0.v20171221-1140'>
      <properties size='1'>
        <property name='download.size' value='82790'/>
      </properties>
    </artifact>
    <artifact classifier='osgi.bundle' id='org.eclipse.equinox.p2.core' version='2.4.101.v20170906-1259'>
      <properties size='1'>
        <property name='download.size' value='74470'/>
      </properties>
    </artifact>
    <artifact classifier='osgi.bundle' id='org.eclipse.emf.edit' version='2.12.0.v20170609-0928'>
      <properties size='1'>
        <property name='download.size' value='278879'/>
      </properties>
    </artifact>
    <artifact classifier='osgi.bundle' id='org.eclipse.jface.databinding' version='1.8.100.v20170503-1507'>
      <properties size='1'>
        <property name='download.size' value='292294'/>
      </properties>
    </artifact>
    <artifact classifier='osgi.bundle' id='org.eclipse.ecf.provider.filetransfer.httpclient4' version='1.1.200.v20170314-0133'>
      <properties size='1'>
        <property name='download.size' value='75493'/>
      </properties>
    </artifact>
    <artifact classifier='osgi.bundle' id='org.eclipse.equinox.p2.garbagecollector' version='1.0.300.v20160504-1450'>
      <properties size='1'>
        <property name='download.size' value='25987'/>
      </properties>
    </artifact>
    <artifact classifier='osgi.bundle' id='org.eclipse.equinox.p2.repository.tools' version='2.1.400.v20170511-1216'>
      <properties size='1'>
        <property name='download.size' value='244617'/>
      </properties>
    </artifact>
    <artifact classifier='osgi.bundle' id='org.eclipse.rcp' version='4.7.2.v20171130-0510'>
      <properties size='1'>
        <property name='download.size' value='11317'/>
      </properties>
    </artifact>
    <artifact classifier='osgi.bundle' id='org.eclipse.oomph.setup.core' version='1.9.0.v20171222-1315'>
      <properties size='1'>
        <property name='download.size' value='259828'/>
      </properties>
    </artifact>
    <artifact classifier='osgi.bundle' id='org.eclipse.oomph.setup' version='1.9.0.v20171221-1140'>
      <properties size='1'>
        <property name='download.size' value='321439'/>
      </properties>
    </artifact>
    <artifact classifier='osgi.bundle' id='org.apache.httpcomponents.httpclient' version='4.5.2.v20170210-0925'>
      <properties size='1'>
        <property name='download.size' value='1006005'/>
      </properties>
    </artifact>
    <artifact classifier='osgi.bundle' id='org.eclipse.core.net.win32.x86_64' version='1.1.0.v20160323-1650'>
      <properties size='1'>
        <property name='download.size' value='29884'/>
      </properties>
    </artifact>
    <artifact classifier='osgi.bundle' id='org.eclipse.e4.ui.workbench' version='1.5.1.v20170815-1446'>
      <properties size='1'>
        <property name='download.size' value='261842'/>
      </properties>
    </artifact>
    <artifact classifier='osgi.bundle' id='org.eclipse.help' version='3.8.1.v20170815-1448'>
      <properties size='1'>
        <property name='download.size' value='270019'/>
      </properties>
    </artifact>
    <artifact classifier='osgi.bundle' id='org.eclipse.emf.ecore' version='2.13.0.v20170609-0707'>
      <properties size='1'>
        <property name='download.size' value='1202399'/>
      </properties>
    </artifact>
    <artifact classifier='org.eclipse.update.feature' id='org.eclipse.ecf.filetransfer.feature' version='3.13.8.v20170715-2257'>
      <properties size='1'>
        <property name='download.size' value='27440'/>
      </properties>
      <repositoryProperties size='1'>
        <property name='artifact.folder' value='true'/>
      </repositoryProperties>
    </artifact>
    <artifact classifier='org.eclipse.update.feature' id='org.eclipse.ecf.filetransfer.ssl.feature' version='1.1.0.v20170110-1317'>
      <properties size='1'>
        <property name='download.size' value='25028'/>
      </properties>
      <repositoryProperties size='1'>
        <property name='artifact.folder' value='true'/>
      </repositoryProperties>
    </artifact>
    <artifact classifier='osgi.bundle' id='org.eclipse.core.net' version='1.3.100.v20170516-0820'>
      <properties size='1'>
        <property name='download.size' value='74737'/>
      </properties>
    </artifact>
    <artifact classifier='osgi.bundle' id='org.eclipse.nebula.widgets.tablecombo' version='1.2.0.201801261225'>
      <properties size='1'>
        <property name='download.size' value='36266'/>
      </properties>
    </artifact>
    <artifact classifier='osgi.bundle' id='org.w3c.dom.smil' version='1.0.1.v200903091627'>
      <properties size='1'>
        <property name='download.size' value='24854'/>
      </properties>
    </artifact>
    <artifact classifier='osgi.bundle' id='org.eclipse.e4.core.services' version='2.1.0.v20170407-0928'>
      <properties size='1'>
        <property name='download.size' value='56924'/>
      </properties>
    </artifact>
    <artifact classifier='osgi.bundle' id='javax.inject' version='1.0.0.v20091030'>
      <properties size='1'>
        <property name='download.size' value='12288'/>
      </properties>
    </artifact>
    <artifact classifier='osgi.bundle' id='org.eclipse.equinox.console' version='1.1.300.v20170512-2111'>
      <properties size='1'>
        <property name='download.size' value='120758'/>
      </properties>
    </artifact>
    <artifact classifier='osgi.bundle' id='org.eclipse.equinox.p2.publisher.eclipse' version='1.2.201.v20170906-1259'>
      <properties size='1'>
        <property name='download.size' value='233516'/>
      </properties>
    </artifact>
    <artifact classifier='osgi.bundle' id='org.eclipse.equinox.security' version='1.2.300.v20170505-1235'>
      <properties size='1'>
        <property name='download.size' value='109819'/>
      </properties>
    </artifact>
    <artifact classifier='osgi.bundle' id='org.eclipse.equinox.registry' version='3.7.0.v20170222-1344'>
      <properties size='1'>
        <property name='download.size' value='187348'/>
      </properties>
    </artifact>
    <artifact classifier='osgi.bundle' id='org.eclipse.core.jobs' version='3.9.2.v20171030-1027'>
      <properties size='1'>
        <property name='download.size' value='107364'/>
      </properties>
    </artifact>
    <artifact classifier='osgi.bundle' id='org.eclipse.equinox.bidi' version='1.1.0.v20160728-1031'>
      <properties size='1'>
        <property name='download.size' value='49765'/>
      </properties>
    </artifact>
    <artifact classifier='osgi.bundle' id='org.eclipse.e4.core.di' version='1.6.100.v20170421-1418'>
      <properties size='1'>
        <property name='download.size' value='54497'/>
      </properties>
    </artifact>
    <artifact classifier='osgi.bundle' id='org.eclipse.userstorage.oauth' version='1.0.0.v20171130-1432'>
      <properties size='1'>
        <property name='download.size' value='59635'/>
      </properties>
    </artifact>
    <artifact classifier='osgi.bundle' id='org.eclipse.core.databinding' version='1.6.100.v20170515-1119'>
      <properties size='1'>
        <property name='download.size' value='207916'/>
      </properties>
    </artifact>
    <artifact classifier='osgi.bundle' id='org.eclipse.osgi.services' version='3.6.0.v20170228-1906'>
      <properties size='1'>
        <property name='download.size' value='121220'/>
      </properties>
    </artifact>
    <artifact classifier='osgi.bundle' id='org.eclipse.e4.core.di.annotations' version='1.6.0.v20170119-2002'>
      <properties size='1'>
        <property name='download.size' value='12282'/>
      </properties>
    </artifact>
    <artifact classifier='osgi.bundle' id='org.eclipse.ecf.filetransfer' version='5.0.0.v20160817-1024'>
      <properties size='1'>
        <property name='download.size' value='54852'/>
      </properties>
    </artifact>
    <artifact classifier='osgi.bundle' id='org.eclipse.e4.emf.xpath' version='0.2.0.v20160630-0728'>
      <properties size='1'>
        <property name='download.size' value='50090'/>
      </properties>
    </artifact>
    <artifact classifier='osgi.bundle' id='org.eclipse.jface.text' version='3.12.1.v20171114-1359'>
      <properties size='1'>
        <property name='download.size' value='1081001'/>
      </properties>
    </artifact>
    <artifact classifier='osgi.bundle' id='org.eclipse.swt' version='3.106.2.v20171129-0543'>
      <properties size='1'>
        <property name='download.size' value='19372'/>
      </properties>
    </artifact>
    <artifact classifier='osgi.bundle' id='org.eclipse.oomph.setup.sync' version='1.9.0.v20171221-1140'>
      <properties size='1'>
        <property name='download.size' value='102265'/>
      </properties>
    </artifact>
    <artifact classifier='osgi.bundle' id='org.eclipse.ui' version='3.109.0.v20170411-1742'>
      <properties size='1'>
        <property name='download.size' value='469879'/>
      </properties>
    </artifact>
    <artifact classifier='osgi.bundle' id='org.eclipse.ui.views' version='3.9.0.v20170226-1833'>
      <properties size='1'>
        <property name='download.size' value='110185'/>
      </properties>
    </artifact>
    <artifact classifier='osgi.bundle' id='org.eclipse.oomph.setup.ui' version='1.9.0.v20171221-1140'>
      <properties size='1'>
        <property name='download.size' value='686136'/>
      </properties>
    </artifact>
    <artifact classifier='osgi.bundle' id='org.eclipse.equinox.security.ui' version='1.1.400.v20170505-1235'>
      <properties size='1'>
        <property name='download.size' value='186136'/>
      </properties>
    </artifact>
    <artifact classifier='osgi.bundle' id='org.eclipse.equinox.p2.metadata' version='2.3.200.v20170511-1106'>
      <properties size='1'>
        <property name='download.size' value='343548'/>
      </properties>
    </artifact>
    <artifact classifier='osgi.bundle' id='org.eclipse.jsch.ui' version='1.3.0.v20160323-1650'>
      <properties size='1'>
        <property name='download.size' value='104621'/>
      </properties>
    </artifact>
    <artifact classifier='osgi.bundle' id='org.eclipse.equinox.p2.transport.ecf' version='1.1.300.v20161004-0244'>
      <properties size='1'>
        <property name='download.size' value='43687'/>
      </properties>
    </artifact>
    <artifact classifier='osgi.bundle' id='org.eclipse.oomph.setup.doc' version='1.9.0.v20171221-1140'>
      <properties size='1'>
        <property name='download.size' value='2612719'/>
      </properties>
    </artifact>
    <artifact classifier='osgi.bundle' id='org.w3c.css.sac' version='1.3.1.v200903091627'>
      <properties size='1'>
        <property name='download.size' value='32952'/>
      </properties>
    </artifact>
    <artifact classifier='osgi.bundle' id='org.eclipse.oomph.jreinfo' version='1.9.0.v20171221-1140'>
      <properties size='1'>
        <property name='download.size' value='33441'/>
      </properties>
    </artifact>
    <artifact classifier='osgi.bundle' id='org.eclipse.equinox.p2.engine' version='2.5.0.v20170319-2002'>
      <properties size='1'>
        <property name='download.size' value='214858'/>
      </properties>
    </artifact>
    <artifact classifier='osgi.bundle' id='org.eclipse.e4.ui.bindings' version='0.12.1.v20170823-1632'>
      <properties size='1'>
        <property name='download.size' value='51412'/>
      </properties>
    </artifact>
    <artifact classifier='osgi.bundle' id='org.eclipse.equinox.p2.touchpoint.natives' version='1.2.200.v20170511-1216'>
      <properties size='1'>
        <property name='download.size' value='76838'/>
      </properties>
    </artifact>
    <artifact classifier='osgi.bundle' id='org.eclipse.e4.ui.workbench.swt' version='0.14.101.v20170710-1119'>
      <properties size='1'>
        <property name='download.size' value='172134'/>
      </properties>
    </artifact>
    <artifact classifier='osgi.bundle' id='org.eclipse.equinox.p2.console' version='1.0.600.v20170511-1106'>
      <properties size='1'>
        <property name='download.size' value='28387'/>
      </properties>
    </artifact>
    <artifact classifier='osgi.bundle' id='org.eclipse.e4.ui.css.swt.theme' version='0.11.0.v20170312-2302'>
      <properties size='1'>
        <property name='download.size' value='28379'/>
      </properties>
    </artifact>
    <artifact classifier='osgi.bundle' id='org.eclipse.osgi.util' version='3.4.0.v20170111-1608'>
      <properties size='1'>
        <property name='download.size' value='50252'/>
      </properties>
    </artifact>
    <artifact classifier='osgi.bundle' id='org.eclipse.equinox.p2.operations' version='2.4.300.v20170511-1106'>
      <properties size='1'>
        <property name='download.size' value='77187'/>
      </properties>
    </artifact>
    <artifact classifier='osgi.bundle' id='org.eclipse.equinox.p2.jarprocessor' version='1.0.500.v20160504-1450'>
      <properties size='1'>
        <property name='download.size' value='72608'/>
      </properties>
    </artifact>
    <artifact classifier='org.eclipse.update.feature' id='org.eclipse.ecf.core.ssl.feature' version='1.1.0.v20170110-1317'>
      <properties size='1'>
        <property name='download.size' value='20832'/>
      </properties>
      <repositoryProperties size='1'>
        <property name='artifact.folder' value='true'/>
      </repositoryProperties>
    </artifact>
    <artifact classifier='osgi.bundle' id='org.eclipse.oomph.setup.ui.questionnaire' version='1.9.0.v20171221-1140'>
      <properties size='1'>
        <property name='download.size' value='340535'/>
      </properties>
    </artifact>
    <artifact classifier='osgi.bundle' id='org.eclipse.equinox.p2.touchpoint.eclipse' version='2.1.501.v20170906-1259'>
      <properties size='1'>
        <property name='download.size' value='128914'/>
      </properties>
    </artifact>
    <artifact classifier='osgi.bundle' id='org.apache.batik.css' version='1.8.0.v20170214-1941'>
      <properties size='1'>
        <property name='download.size' value='292953'/>
      </properties>
    </artifact>
  </artifacts>
</repository>
