<?xml version="1.0" encoding="UTF-8"?>
<config date="1517306110346" transient="false">
	<site updateable="true" url="platform:/base/" enabled="true" policy="USER-EXCLUDE">
		<feature id="org.eclipse.ecf.filetransfer.feature" version="3.13.8.v20170715-2257" url="features/org.eclipse.ecf.filetransfer.feature_3.13.8.v20170715-2257/">
		</feature>
		<feature id="org.eclipse.oomph.setup.installer" version="1.9.0.v20171222-1315" url="features/org.eclipse.oomph.setup.installer_1.9.0.v20171222-1315/">
		</feature>
		<feature id="org.eclipse.ecf.core.feature" version="1.4.0.v20170516-2248" url="features/org.eclipse.ecf.core.feature_1.4.0.v20170516-2248/">
		</feature>
		<feature id="org.eclipse.emf.common.ui" version="2.12.0.v20170609-0928" url="features/org.eclipse.emf.common.ui_2.12.0.v20170609-0928/">
		</feature>
		<feature id="org.eclipse.ecf.core.ssl.feature" version="1.1.0.v20170110-1317" url="features/org.eclipse.ecf.core.ssl.feature_1.1.0.v20170110-1317/">
		</feature>
		<feature id="org.eclipse.ecf.filetransfer.httpclient4.ssl.feature" version="1.1.0.v20170110-1317" url="features/org.eclipse.ecf.filetransfer.httpclient4.ssl.feature_1.1.0.v20170110-1317/">
		</feature>
		<feature id="org.eclipse.ecf.filetransfer.httpclient4.feature" version="3.13.8.v20170715-2257" url="features/org.eclipse.ecf.filetransfer.httpclient4.feature_3.13.8.v20170715-2257/">
		</feature>
		<feature id="org.eclipse.emf.edit.ui" version="2.13.0.v20170609-0928" url="features/org.eclipse.emf.edit.ui_2.13.0.v20170609-0928/">
		</feature>
		<feature id="org.eclipse.rcp" version="4.7.2.v20171130-0510" url="features/org.eclipse.rcp_4.7.2.v20171130-0510/">
		</feature>
		<feature id="org.eclipse.equinox.p2.core.feature" version="1.4.1.v20170928-1405" url="features/org.eclipse.equinox.p2.core.feature_1.4.1.v20170928-1405/">
		</feature>
		<feature id="org.eclipse.emf.ecore" version="2.13.0.v20170609-0707" url="features/org.eclipse.emf.ecore_2.13.0.v20170609-0707/">
		</feature>
		<feature id="org.eclipse.oomph.p2" version="1.9.0.v20171221-1140" url="features/org.eclipse.oomph.p2_1.9.0.v20171221-1140/">
		</feature>
		<feature id="org.eclipse.emf.edit" version="2.12.0.v20170609-0928" url="features/org.eclipse.emf.edit_2.12.0.v20170609-0928/">
		</feature>
		<feature id="org.eclipse.e4.rcp" version="1.6.2.v20171129-0543" url="features/org.eclipse.e4.rcp_1.6.2.v20171129-0543/">
		</feature>
		<feature id="org.eclipse.emf.common" version="2.13.0.v20170609-0707" url="features/org.eclipse.emf.common_2.13.0.v20170609-0707/">
		</feature>
		<feature id="org.eclipse.ecf.filetransfer.ssl.feature" version="1.1.0.v20170110-1317" url="features/org.eclipse.ecf.filetransfer.ssl.feature_1.1.0.v20170110-1317/">
		</feature>
	</site>
</config>
